,symboling,normalized-losses,make,num-of-doors,body-style,drive-wheels,engine-location,wheel-base,length,width,height,curb-weight,engine-type,num-of-cylinders,engine-size,fuel-system,bore,stroke,compression-ratio,horsepower,peak-rpm,city-mpg,highway-mpg,price,diesel,gas,aspiration-std,aspiration-turbo
0,3,122.0,alfa-romero,two,convertible,rwd,front,88.6,168.8,64.1,0.8160535117056856,2548,dohc,four,130,mpfi,3.47,2.68,9.0,111.0,5000,21,8.703703703703704,13495,0.0,1.0,1.0,0.0
1,3,122.0,alfa-romero,two,convertible,rwd,front,88.6,168.8,64.1,0.8160535117056856,2548,dohc,four,130,mpfi,3.47,2.68,9.0,111.0,5000,21,8.703703703703704,16500,0.0,1.0,1.0,0.0
2,1,122.0,alfa-romero,two,hatchback,rwd,front,94.5,171.2,65.5,0.8762541806020067,2823,ohcv,six,152,mpfi,2.68,3.47,9.0,154.0,5000,19,9.038461538461538,16500,0.0,1.0,1.0,0.0
3,2,164,audi,four,sedan,fwd,front,99.8,176.6,66.2,0.9080267558528428,2337,ohc,four,109,mpfi,3.19,3.40,10.0,102.0,5500,24,7.833333333333333,13950,0.0,1.0,1.0,0.0
4,2,164,audi,four,sedan,4wd,front,99.4,176.6,66.4,0.9080267558528428,2824,ohc,five,136,mpfi,3.19,3.40,8.0,115.0,5500,18,10.681818181818182,17450,0.0,1.0,1.0,0.0
5,2,122.0,audi,two,sedan,fwd,front,99.8,177.3,66.3,0.8879598662207359,2507,ohc,five,136,mpfi,3.19,3.40,8.5,110.0,5500,19,9.4,15250,0.0,1.0,1.0,0.0
6,1,158,audi,four,sedan,fwd,front,105.8,192.7,71.4,0.931438127090301,2844,ohc,five,136,mpfi,3.19,3.40,8.5,110.0,5500,19,9.4,17710,0.0,1.0,1.0,0.0
7,1,122.0,audi,four,wagon,fwd,front,105.8,192.7,71.4,0.931438127090301,2954,ohc,five,136,mpfi,3.19,3.40,8.5,110.0,5500,19,9.4,18920,0.0,1.0,1.0,0.0
8,1,158,audi,four,sedan,fwd,front,105.8,192.7,71.4,0.9347826086956522,3086,ohc,five,131,mpfi,3.13,3.40,8.3,140.0,5500,17,11.75,23875,0.0,1.0,0.0,1.0
9,0,122.0,audi,two,hatchback,4wd,front,99.5,178.2,67.9,0.8695652173913044,3053,ohc,five,131,mpfi,3.13,3.40,7.0,160.0,5500,16,10.681818181818182,,0.0,1.0,0.0,1.0
10,2,192,bmw,two,sedan,rwd,front,101.2,176.8,64.8,0.9080267558528428,2395,ohc,four,108,mpfi,3.50,2.80,8.8,101.0,5800,23,8.10344827586207,16430,0.0,1.0,1.0,0.0
11,0,192,bmw,four,sedan,rwd,front,101.2,176.8,64.8,0.9080267558528428,2395,ohc,four,108,mpfi,3.50,2.80,8.8,101.0,5800,23,8.10344827586207,16925,0.0,1.0,1.0,0.0
12,0,188,bmw,two,sedan,rwd,front,101.2,176.8,64.8,0.9080267558528428,2710,ohc,six,164,mpfi,3.31,3.19,9.0,121.0,4250,21,8.392857142857142,20970,0.0,1.0,1.0,0.0
13,0,188,bmw,four,sedan,rwd,front,101.2,176.8,64.8,0.9080267558528428,2765,ohc,six,164,mpfi,3.31,3.19,9.0,121.0,4250,21,8.392857142857142,21105,0.0,1.0,1.0,0.0
14,1,122.0,bmw,four,sedan,rwd,front,103.5,189.0,66.9,0.931438127090301,3055,ohc,six,164,mpfi,3.31,3.19,9.0,121.0,4250,20,9.4,24565,0.0,1.0,1.0,0.0
15,0,122.0,bmw,four,sedan,rwd,front,103.5,189.0,66.9,0.931438127090301,3230,ohc,six,209,mpfi,3.62,3.39,8.0,182.0,5400,16,10.681818181818182,30760,0.0,1.0,1.0,0.0
16,0,122.0,bmw,two,sedan,rwd,front,103.5,193.8,67.9,0.8979933110367894,3380,ohc,six,209,mpfi,3.62,3.39,8.0,182.0,5400,16,10.681818181818182,41315,0.0,1.0,1.0,0.0
17,0,122.0,bmw,four,sedan,rwd,front,110.0,197.0,70.9,0.9414715719063546,3505,ohc,six,209,mpfi,3.62,3.39,8.0,182.0,5400,15,11.75,36880,0.0,1.0,1.0,0.0
18,2,121,chevrolet,two,hatchback,fwd,front,88.4,141.1,60.3,0.8896321070234114,1488,l,three,61,2bbl,2.91,3.03,9.5,48.0,5100,47,4.433962264150943,5151,0.0,1.0,1.0,0.0
19,1,98,chevrolet,two,hatchback,fwd,front,94.5,155.9,63.6,0.8695652173913044,1874,ohc,four,90,2bbl,3.03,3.11,9.6,70.0,5400,38,5.465116279069767,6295,0.0,1.0,1.0,0.0
20,0,81,chevrolet,four,sedan,fwd,front,94.5,158.8,63.6,0.8695652173913044,1909,ohc,four,90,2bbl,3.03,3.11,9.6,70.0,5400,38,5.465116279069767,6575,0.0,1.0,1.0,0.0
21,1,118,dodge,two,hatchback,fwd,front,93.7,157.3,63.8,0.8494983277591973,1876,ohc,four,90,2bbl,2.97,3.23,9.41,68.0,5500,37,5.7317073170731705,5572,0.0,1.0,1.0,0.0
22,1,118,dodge,two,hatchback,fwd,front,93.7,157.3,63.8,0.8494983277591973,1876,ohc,four,90,2bbl,2.97,3.23,9.4,68.0,5500,31,6.184210526315789,6377,0.0,1.0,1.0,0.0
23,1,118,dodge,two,hatchback,fwd,front,93.7,157.3,63.8,0.8494983277591973,2128,ohc,four,98,mpfi,3.03,3.39,7.6,102.0,5500,24,7.833333333333333,7957,0.0,1.0,0.0,1.0
24,1,148,dodge,four,hatchback,fwd,front,93.7,157.3,63.8,0.8461538461538463,1967,ohc,four,90,2bbl,2.97,3.23,9.4,68.0,5500,31,6.184210526315789,6229,0.0,1.0,1.0,0.0
25,1,148,dodge,four,sedan,fwd,front,93.7,157.3,63.8,0.8461538461538463,1989,ohc,four,90,2bbl,2.97,3.23,9.4,68.0,5500,31,6.184210526315789,6692,0.0,1.0,1.0,0.0
26,1,148,dodge,four,sedan,fwd,front,93.7,157.3,63.8,0.8461538461538463,1989,ohc,four,90,2bbl,2.97,3.23,9.4,68.0,5500,31,6.184210526315789,7609,0.0,1.0,1.0,0.0
27,1,148,dodge,,sedan,fwd,front,93.7,157.3,63.8,0.8461538461538463,2191,ohc,four,98,mpfi,3.03,3.39,7.6,102.0,5500,24,7.833333333333333,8558,0.0,1.0,0.0,1.0
28,-1,110,dodge,four,wagon,fwd,front,103.3,174.6,64.6,1.0,2535,ohc,four,122,2bbl,3.34,3.46,8.5,88.0,5000,24,7.833333333333333,8921,0.0,1.0,1.0,0.0
29,3,145,dodge,two,hatchback,fwd,front,95.9,173.2,66.3,0.8394648829431439,2811,ohc,four,156,mfi,3.60,3.90,7.0,145.0,5000,19,9.791666666666666,12964,0.0,1.0,0.0,1.0
30,2,137,honda,two,hatchback,fwd,front,86.6,144.6,63.9,0.8494983277591973,1713,ohc,four,92,1bbl,2.91,3.41,9.6,58.0,4800,49,4.351851851851852,6479,0.0,1.0,1.0,0.0
31,2,137,honda,two,hatchback,fwd,front,86.6,144.6,63.9,0.8494983277591973,1819,ohc,four,92,1bbl,2.91,3.41,9.2,76.0,6000,31,6.184210526315789,6855,0.0,1.0,1.0,0.0
32,1,101,honda,two,hatchback,fwd,front,93.7,150.0,64.0,0.8795986622073579,1837,ohc,four,79,1bbl,2.91,3.07,10.1,60.0,5500,38,5.595238095238095,5399,0.0,1.0,1.0,0.0
33,1,101,honda,two,hatchback,fwd,front,93.7,150.0,64.0,0.8795986622073579,1940,ohc,four,92,1bbl,2.91,3.41,9.2,76.0,6000,30,6.911764705882353,6529,0.0,1.0,1.0,0.0
34,1,101,honda,two,hatchback,fwd,front,93.7,150.0,64.0,0.8795986622073579,1956,ohc,four,92,1bbl,2.91,3.41,9.2,76.0,6000,30,6.911764705882353,7129,0.0,1.0,1.0,0.0
35,0,110,honda,four,sedan,fwd,front,96.5,163.4,64.0,0.911371237458194,2010,ohc,four,92,1bbl,2.91,3.41,9.2,76.0,6000,30,6.911764705882353,7295,0.0,1.0,1.0,0.0
36,0,78,honda,four,wagon,fwd,front,96.5,157.1,63.9,0.9749163879598662,2024,ohc,four,92,1bbl,2.92,3.41,9.2,76.0,6000,30,6.911764705882353,7295,0.0,1.0,1.0,0.0
37,0,106,honda,two,hatchback,fwd,front,96.5,167.5,65.2,0.8913043478260869,2236,ohc,four,110,1bbl,3.15,3.58,9.0,86.0,5800,27,7.121212121212121,7895,0.0,1.0,1.0,0.0
38,0,106,honda,two,hatchback,fwd,front,96.5,167.5,65.2,0.8913043478260869,2289,ohc,four,110,1bbl,3.15,3.58,9.0,86.0,5800,27,7.121212121212121,9095,0.0,1.0,1.0,0.0
39,0,85,honda,four,sedan,fwd,front,96.5,175.4,65.2,0.9046822742474917,2304,ohc,four,110,1bbl,3.15,3.58,9.0,86.0,5800,27,7.121212121212121,8845,0.0,1.0,1.0,0.0
40,0,85,honda,four,sedan,fwd,front,96.5,175.4,62.5,0.9046822742474917,2372,ohc,four,110,1bbl,3.15,3.58,9.0,86.0,5800,27,7.121212121212121,10295,0.0,1.0,1.0,0.0
41,0,85,honda,four,sedan,fwd,front,96.5,175.4,65.2,0.9046822742474917,2465,ohc,four,110,mpfi,3.15,3.58,9.0,101.0,5800,24,8.392857142857142,12945,0.0,1.0,1.0,0.0
42,1,107,honda,two,sedan,fwd,front,96.5,169.1,66.0,0.8528428093645485,2293,ohc,four,110,2bbl,3.15,3.58,9.1,100.0,5500,25,7.580645161290323,10345,0.0,1.0,1.0,0.0
43,0,122.0,isuzu,four,sedan,rwd,front,94.3,170.7,61.8,0.8946488294314382,2337,ohc,four,111,2bbl,3.31,3.23,8.5,78.0,4800,24,8.10344827586207,6785,0.0,1.0,1.0,0.0
44,1,122.0,isuzu,two,sedan,fwd,front,94.5,155.9,63.6,0.8695652173913044,1874,ohc,four,90,2bbl,3.03,3.11,9.6,70.0,5400,38,5.465116279069767,,0.0,1.0,1.0,0.0
45,0,122.0,isuzu,four,sedan,fwd,front,94.5,155.9,63.6,0.8695652173913044,1909,ohc,four,90,2bbl,3.03,3.11,9.6,70.0,5400,38,5.465116279069767,,0.0,1.0,1.0,0.0
46,2,122.0,isuzu,two,hatchback,rwd,front,96.0,172.6,65.2,0.8595317725752508,2734,ohc,four,119,spfi,3.43,3.23,9.2,90.0,5000,24,8.10344827586207,11048,0.0,1.0,1.0,0.0
47,0,145,jaguar,four,sedan,rwd,front,113.0,199.6,69.6,0.882943143812709,4066,dohc,six,258,mpfi,3.63,4.17,8.1,176.0,4750,15,12.368421052631579,32250,0.0,1.0,1.0,0.0
48,0,122.0,jaguar,four,sedan,rwd,front,113.0,199.6,69.6,0.882943143812709,4066,dohc,six,258,mpfi,3.63,4.17,8.1,176.0,4750,15,12.368421052631579,35550,0.0,1.0,1.0,0.0
49,0,122.0,jaguar,two,sedan,rwd,front,102.0,191.7,70.6,0.7993311036789298,3950,ohcv,twelve,326,mpfi,3.54,2.76,11.5,262.0,5000,13,13.823529411764707,36000,0.0,1.0,1.0,0.0
50,1,104,mazda,two,hatchback,fwd,front,93.1,159.1,64.2,0.9046822742474917,1890,ohc,four,91,2bbl,3.03,3.15,9.0,68.0,5000,30,7.580645161290323,5195,0.0,1.0,1.0,0.0
51,1,104,mazda,two,hatchback,fwd,front,93.1,159.1,64.2,0.9046822742474917,1900,ohc,four,91,2bbl,3.03,3.15,9.0,68.0,5000,31,6.184210526315789,6095,0.0,1.0,1.0,0.0
52,1,104,mazda,two,hatchback,fwd,front,93.1,159.1,64.2,0.9046822742474917,1905,ohc,four,91,2bbl,3.03,3.15,9.0,68.0,5000,31,6.184210526315789,6795,0.0,1.0,1.0,0.0
53,1,113,mazda,four,sedan,fwd,front,93.1,166.8,64.2,0.9046822742474917,1945,ohc,four,91,2bbl,3.03,3.15,9.0,68.0,5000,31,6.184210526315789,6695,0.0,1.0,1.0,0.0
54,1,113,mazda,four,sedan,fwd,front,93.1,166.8,64.2,0.9046822742474917,1950,ohc,four,91,2bbl,3.08,3.15,9.0,68.0,5000,31,6.184210526315789,7395,0.0,1.0,1.0,0.0
55,3,150,mazda,two,hatchback,rwd,front,95.3,169.0,65.7,0.8294314381270904,2380,rotor,two,70,4bbl,3.3297512437810957,3.2554228855721337,9.4,101.0,6000,17,10.217391304347826,10945,0.0,1.0,1.0,0.0
56,3,150,mazda,two,hatchback,rwd,front,95.3,169.0,65.7,0.8294314381270904,2380,rotor,two,70,4bbl,3.3297512437810957,3.2554228855721337,9.4,101.0,6000,17,10.217391304347826,11845,0.0,1.0,1.0,0.0
57,3,150,mazda,two,hatchback,rwd,front,95.3,169.0,65.7,0.8294314381270904,2385,rotor,two,70,4bbl,3.3297512437810957,3.2554228855721337,9.4,101.0,6000,17,10.217391304347826,13645,0.0,1.0,1.0,0.0
58,3,150,mazda,two,hatchback,rwd,front,95.3,169.0,65.7,0.8294314381270904,2500,rotor,two,80,mpfi,3.3297512437810957,3.2554228855721337,9.4,135.0,6000,16,10.217391304347826,15645,0.0,1.0,1.0,0.0
59,1,129,mazda,two,hatchback,fwd,front,98.8,177.8,66.5,0.8979933110367894,2385,ohc,four,122,2bbl,3.39,3.39,8.6,84.0,4800,26,7.34375,8845,0.0,1.0,1.0,0.0
60,0,115,mazda,four,sedan,fwd,front,98.8,177.8,66.5,0.9280936454849499,2410,ohc,four,122,2bbl,3.39,3.39,8.6,84.0,4800,26,7.34375,8495,0.0,1.0,1.0,0.0
61,1,129,mazda,two,hatchback,fwd,front,98.8,177.8,66.5,0.8979933110367894,2385,ohc,four,122,2bbl,3.39,3.39,8.6,84.0,4800,26,7.34375,10595,0.0,1.0,1.0,0.0
62,0,115,mazda,four,sedan,fwd,front,98.8,177.8,66.5,0.9280936454849499,2410,ohc,four,122,2bbl,3.39,3.39,8.6,84.0,4800,26,7.34375,10245,0.0,1.0,1.0,0.0
63,0,122.0,mazda,,sedan,fwd,front,98.8,177.8,66.5,0.9280936454849499,2443,ohc,four,122,idi,3.39,3.39,22.7,64.0,4650,36,5.595238095238095,10795,1.0,0.0,1.0,0.0
64,0,115,mazda,four,hatchback,fwd,front,98.8,177.8,66.5,0.9280936454849499,2425,ohc,four,122,2bbl,3.39,3.39,8.6,84.0,4800,26,7.34375,11245,0.0,1.0,1.0,0.0
65,0,118,mazda,four,sedan,rwd,front,104.9,175.0,66.1,0.9096989966555185,2670,ohc,four,140,mpfi,3.76,3.16,8.0,120.0,5000,19,8.703703703703704,18280,0.0,1.0,1.0,0.0
66,0,122.0,mazda,four,sedan,rwd,front,104.9,175.0,66.1,0.9096989966555185,2700,ohc,four,134,idi,3.43,3.64,22.0,72.0,4200,31,6.0256410256410255,18344,1.0,0.0,1.0,0.0
67,-1,93,mercedes-benz,four,sedan,rwd,front,110.0,190.9,70.3,0.9448160535117057,3515,ohc,five,183,idi,3.58,3.64,21.5,123.0,4350,22,9.4,25552,1.0,0.0,0.0,1.0
68,-1,93,mercedes-benz,four,wagon,rwd,front,110.0,190.9,70.3,0.9816053511705687,3750,ohc,five,183,idi,3.58,3.64,21.5,123.0,4350,22,9.4,28248,1.0,0.0,0.0,1.0
69,0,93,mercedes-benz,two,hardtop,rwd,front,106.7,187.5,70.3,0.9180602006688964,3495,ohc,five,183,idi,3.58,3.64,21.5,123.0,4350,22,9.4,28176,1.0,0.0,0.0,1.0
70,-1,93,mercedes-benz,four,sedan,rwd,front,115.6,202.6,71.7,0.9414715719063546,3770,ohc,five,183,idi,3.58,3.64,21.5,123.0,4350,22,9.4,31600,1.0,0.0,0.0,1.0
71,-1,122.0,mercedes-benz,four,sedan,rwd,front,115.6,202.6,71.7,0.9448160535117057,3740,ohcv,eight,234,mpfi,3.46,3.10,8.3,155.0,4750,16,13.055555555555555,34184,0.0,1.0,1.0,0.0
72,3,142,mercedes-benz,two,convertible,rwd,front,96.6,180.3,70.5,0.8494983277591973,3685,ohcv,eight,234,mpfi,3.46,3.10,8.3,155.0,4750,16,13.055555555555555,35056,0.0,1.0,1.0,0.0
73,0,122.0,mercedes-benz,four,sedan,rwd,front,120.9,208.1,71.7,0.948160535117057,3900,ohcv,eight,308,mpfi,3.80,3.35,8.0,184.0,4500,14,14.6875,40960,0.0,1.0,1.0,0.0
74,1,122.0,mercedes-benz,two,hardtop,rwd,front,112.0,199.2,72.0,0.9264214046822743,3715,ohcv,eight,304,mpfi,3.80,3.35,8.0,184.0,4500,14,14.6875,45400,0.0,1.0,1.0,0.0
75,1,122.0,mercury,two,hatchback,rwd,front,102.7,178.4,68.0,0.9163879598662207,2910,ohc,four,140,mpfi,3.78,3.12,8.0,175.0,5000,19,9.791666666666666,16503,0.0,1.0,0.0,1.0
76,2,161,mitsubishi,two,hatchback,fwd,front,93.7,157.3,64.4,0.8494983277591973,1918,ohc,four,92,2bbl,2.97,3.23,9.4,68.0,5500,37,5.7317073170731705,5389,0.0,1.0,1.0,0.0
77,2,161,mitsubishi,two,hatchback,fwd,front,93.7,157.3,64.4,0.8494983277591973,1944,ohc,four,92,2bbl,2.97,3.23,9.4,68.0,5500,31,6.184210526315789,6189,0.0,1.0,1.0,0.0
78,2,161,mitsubishi,two,hatchback,fwd,front,93.7,157.3,64.4,0.8494983277591973,2004,ohc,four,92,2bbl,2.97,3.23,9.4,68.0,5500,31,6.184210526315789,6669,0.0,1.0,1.0,0.0
79,1,161,mitsubishi,two,hatchback,fwd,front,93.0,157.3,63.8,0.8494983277591973,2145,ohc,four,98,spdi,3.03,3.39,7.6,102.0,5500,24,7.833333333333333,7689,0.0,1.0,0.0,1.0
80,3,153,mitsubishi,two,hatchback,fwd,front,96.3,173.0,65.4,0.8260869565217391,2370,ohc,four,110,spdi,3.17,3.46,7.5,116.0,5500,23,7.833333333333333,9959,0.0,1.0,0.0,1.0
81,3,153,mitsubishi,two,hatchback,fwd,front,96.3,173.0,65.4,0.8260869565217391,2328,ohc,four,122,2bbl,3.35,3.46,8.5,88.0,5000,25,7.34375,8499,0.0,1.0,1.0,0.0
82,3,122.0,mitsubishi,two,hatchback,fwd,front,95.9,173.2,66.3,0.8394648829431439,2833,ohc,four,156,spdi,3.58,3.86,7.0,145.0,5000,19,9.791666666666666,12629,0.0,1.0,0.0,1.0
83,3,122.0,mitsubishi,two,hatchback,fwd,front,95.9,173.2,66.3,0.8394648829431439,2921,ohc,four,156,spdi,3.59,3.86,7.0,145.0,5000,19,9.791666666666666,14869,0.0,1.0,0.0,1.0
84,3,122.0,mitsubishi,two,hatchback,fwd,front,95.9,173.2,66.3,0.8394648829431439,2926,ohc,four,156,spdi,3.59,3.86,7.0,145.0,5000,19,9.791666666666666,14489,0.0,1.0,0.0,1.0
85,1,125,mitsubishi,four,sedan,fwd,front,96.3,172.4,65.4,0.8628762541806021,2365,ohc,four,122,2bbl,3.35,3.46,8.5,88.0,5000,25,7.34375,6989,0.0,1.0,1.0,0.0
86,1,125,mitsubishi,four,sedan,fwd,front,96.3,172.4,65.4,0.8628762541806021,2405,ohc,four,122,2bbl,3.35,3.46,8.5,88.0,5000,25,7.34375,8189,0.0,1.0,1.0,0.0
87,1,125,mitsubishi,four,sedan,fwd,front,96.3,172.4,65.4,0.8628762541806021,2403,ohc,four,110,spdi,3.17,3.46,7.5,116.0,5500,23,7.833333333333333,9279,0.0,1.0,0.0,1.0
88,-1,137,mitsubishi,four,sedan,fwd,front,96.3,172.4,65.4,0.8628762541806021,2403,ohc,four,110,spdi,3.17,3.46,7.5,116.0,5500,23,7.833333333333333,9279,0.0,1.0,1.0,0.0
89,1,128,nissan,two,sedan,fwd,front,94.5,165.3,63.8,0.911371237458194,1889,ohc,four,97,2bbl,3.15,3.29,9.4,69.0,5200,31,6.351351351351352,5499,0.0,1.0,1.0,0.0
90,1,128,nissan,two,sedan,fwd,front,94.5,165.3,63.8,0.911371237458194,2017,ohc,four,103,idi,2.99,3.47,21.9,55.0,4800,45,4.7,7099,1.0,0.0,1.0,0.0
91,1,128,nissan,two,sedan,fwd,front,94.5,165.3,63.8,0.911371237458194,1918,ohc,four,97,2bbl,3.15,3.29,9.4,69.0,5200,31,6.351351351351352,6649,0.0,1.0,1.0,0.0
92,1,122,nissan,four,sedan,fwd,front,94.5,165.3,63.8,0.911371237458194,1938,ohc,four,97,2bbl,3.15,3.29,9.4,69.0,5200,31,6.351351351351352,6849,0.0,1.0,1.0,0.0
93,1,103,nissan,four,wagon,fwd,front,94.5,170.2,63.8,0.8946488294314382,2024,ohc,four,97,2bbl,3.15,3.29,9.4,69.0,5200,31,6.351351351351352,7349,0.0,1.0,1.0,0.0
94,1,128,nissan,two,sedan,fwd,front,94.5,165.3,63.8,0.911371237458194,1951,ohc,four,97,2bbl,3.15,3.29,9.4,69.0,5200,31,6.351351351351352,7299,0.0,1.0,1.0,0.0
95,1,128,nissan,two,hatchback,fwd,front,94.5,165.6,63.8,0.8913043478260869,2028,ohc,four,97,2bbl,3.15,3.29,9.4,69.0,5200,31,6.351351351351352,7799,0.0,1.0,1.0,0.0
96,1,122,nissan,four,sedan,fwd,front,94.5,165.3,63.8,0.911371237458194,1971,ohc,four,97,2bbl,3.15,3.29,9.4,69.0,5200,31,6.351351351351352,7499,0.0,1.0,1.0,0.0
97,1,103,nissan,four,wagon,fwd,front,94.5,170.2,63.8,0.8946488294314382,2037,ohc,four,97,2bbl,3.15,3.29,9.4,69.0,5200,31,6.351351351351352,7999,0.0,1.0,1.0,0.0
98,2,168,nissan,two,hardtop,fwd,front,95.1,162.4,63.8,0.8913043478260869,2008,ohc,four,97,2bbl,3.15,3.29,9.4,69.0,5200,31,6.351351351351352,8249,0.0,1.0,1.0,0.0
99,0,106,nissan,four,hatchback,fwd,front,97.2,173.4,65.2,0.9147157190635452,2324,ohc,four,120,2bbl,3.33,3.47,8.5,97.0,5200,27,6.911764705882353,8949,0.0,1.0,1.0,0.0
100,0,106,nissan,four,sedan,fwd,front,97.2,173.4,65.2,0.9147157190635452,2302,ohc,four,120,2bbl,3.33,3.47,8.5,97.0,5200,27,6.911764705882353,9549,0.0,1.0,1.0,0.0
101,0,128,nissan,four,sedan,fwd,front,100.4,181.7,66.5,0.9214046822742475,3095,ohcv,six,181,mpfi,3.43,3.27,9.0,152.0,5200,17,10.681818181818182,13499,0.0,1.0,1.0,0.0
102,0,108,nissan,four,wagon,fwd,front,100.4,184.6,66.5,0.9381270903010034,3296,ohcv,six,181,mpfi,3.43,3.27,9.0,152.0,5200,17,10.681818181818182,14399,0.0,1.0,1.0,0.0
103,0,108,nissan,four,sedan,fwd,front,100.4,184.6,66.5,0.9214046822742475,3060,ohcv,six,181,mpfi,3.43,3.27,9.0,152.0,5200,19,9.4,13499,0.0,1.0,1.0,0.0
104,3,194,nissan,two,hatchback,rwd,front,91.3,170.7,67.9,0.831103678929766,3071,ohcv,six,181,mpfi,3.43,3.27,9.0,160.0,5200,19,9.4,17199,0.0,1.0,1.0,0.0
105,3,194,nissan,two,hatchback,rwd,front,91.3,170.7,67.9,0.831103678929766,3139,ohcv,six,181,mpfi,3.43,3.27,7.8,200.0,5200,17,10.217391304347826,19699,0.0,1.0,0.0,1.0
106,1,231,nissan,two,hatchback,rwd,front,99.2,178.5,67.9,0.831103678929766,3139,ohcv,six,181,mpfi,3.43,3.27,9.0,160.0,5200,19,9.4,18399,0.0,1.0,1.0,0.0
107,0,161,peugot,four,sedan,rwd,front,107.9,186.7,68.4,0.948160535117057,3020,l,four,120,mpfi,3.46,3.19,8.4,97.0,5000,19,9.791666666666666,11900,0.0,1.0,1.0,0.0
108,0,161,peugot,four,sedan,rwd,front,107.9,186.7,68.4,0.948160535117057,3197,l,four,152,idi,3.70,3.52,21.0,95.0,4150,28,7.121212121212121,13200,1.0,0.0,0.0,1.0
109,0,122.0,peugot,four,wagon,rwd,front,114.2,198.9,68.4,0.9816053511705687,3230,l,four,120,mpfi,3.46,3.19,8.4,97.0,5000,19,9.791666666666666,12440,0.0,1.0,1.0,0.0
110,0,122.0,peugot,four,wagon,rwd,front,114.2,198.9,68.4,0.9816053511705687,3430,l,four,152,idi,3.70,3.52,21.0,95.0,4150,25,9.4,13860,1.0,0.0,0.0,1.0
111,0,161,peugot,four,sedan,rwd,front,107.9,186.7,68.4,0.948160535117057,3075,l,four,120,mpfi,3.46,2.19,8.4,95.0,5000,19,9.791666666666666,15580,0.0,1.0,1.0,0.0
112,0,161,peugot,four,sedan,rwd,front,107.9,186.7,68.4,0.948160535117057,3252,l,four,152,idi,3.70,3.52,21.0,95.0,4150,28,7.121212121212121,16900,1.0,0.0,0.0,1.0
113,0,122.0,peugot,four,wagon,rwd,front,114.2,198.9,68.4,0.948160535117057,3285,l,four,120,mpfi,3.46,2.19,8.4,95.0,5000,19,9.791666666666666,16695,0.0,1.0,1.0,0.0
114,0,122.0,peugot,four,wagon,rwd,front,114.2,198.9,68.4,0.9816053511705687,3485,l,four,152,idi,3.70,3.52,21.0,95.0,4150,25,9.4,17075,1.0,0.0,0.0,1.0
115,0,161,peugot,four,sedan,rwd,front,107.9,186.7,68.4,0.948160535117057,3075,l,four,120,mpfi,3.46,3.19,8.4,97.0,5000,19,9.791666666666666,16630,0.0,1.0,1.0,0.0
116,0,161,peugot,four,sedan,rwd,front,107.9,186.7,68.4,0.948160535117057,3252,l,four,152,idi,3.70,3.52,21.0,95.0,4150,28,7.121212121212121,17950,1.0,0.0,0.0,1.0
117,0,161,peugot,four,sedan,rwd,front,108.0,186.7,68.3,0.9364548494983278,3130,l,four,134,mpfi,3.61,3.21,7.0,142.0,5600,18,9.791666666666666,18150,0.0,1.0,0.0,1.0
118,1,119,plymouth,two,hatchback,fwd,front,93.7,157.3,63.8,0.8494983277591973,1918,ohc,four,90,2bbl,2.97,3.23,9.4,68.0,5500,37,5.7317073170731705,5572,0.0,1.0,1.0,0.0
119,1,119,plymouth,two,hatchback,fwd,front,93.7,157.3,63.8,0.8494983277591973,2128,ohc,four,98,spdi,3.03,3.39,7.6,102.0,5500,24,7.833333333333333,7957,0.0,1.0,0.0,1.0
120,1,154,plymouth,four,hatchback,fwd,front,93.7,157.3,63.8,0.8461538461538463,1967,ohc,four,90,2bbl,2.97,3.23,9.4,68.0,5500,31,6.184210526315789,6229,0.0,1.0,1.0,0.0
121,1,154,plymouth,four,sedan,fwd,front,93.7,167.3,63.8,0.8494983277591973,1989,ohc,four,90,2bbl,2.97,3.23,9.4,68.0,5500,31,6.184210526315789,6692,0.0,1.0,1.0,0.0
122,1,154,plymouth,four,sedan,fwd,front,93.7,167.3,63.8,0.8494983277591973,2191,ohc,four,98,2bbl,2.97,3.23,9.4,68.0,5500,31,6.184210526315789,7609,0.0,1.0,1.0,0.0
123,-1,74,plymouth,four,wagon,fwd,front,103.3,174.6,64.6,1.0,2535,ohc,four,122,2bbl,3.35,3.46,8.5,88.0,5000,24,7.833333333333333,8921,0.0,1.0,1.0,0.0
124,3,122.0,plymouth,two,hatchback,rwd,front,95.9,173.2,66.3,0.8394648829431439,2818,ohc,four,156,spdi,3.59,3.86,7.0,145.0,5000,19,9.791666666666666,12764,0.0,1.0,0.0,1.0
125,3,186,porsche,two,hatchback,rwd,front,94.5,168.9,68.3,0.8394648829431439,2778,ohc,four,151,mpfi,3.94,3.11,9.5,143.0,5500,19,8.703703703703704,22018,0.0,1.0,1.0,0.0
126,3,122.0,porsche,two,hardtop,rwd,rear,89.5,168.9,65.0,0.8628762541806021,2756,ohcf,six,194,mpfi,3.74,2.90,9.5,207.0,5900,17,9.4,32528,0.0,1.0,1.0,0.0
127,3,122.0,porsche,two,hardtop,rwd,rear,89.5,168.9,65.0,0.8628762541806021,2756,ohcf,six,194,mpfi,3.74,2.90,9.5,207.0,5900,17,9.4,34028,0.0,1.0,1.0,0.0
128,3,122.0,porsche,two,convertible,rwd,rear,89.5,168.9,65.0,0.8628762541806021,2800,ohcf,six,194,mpfi,3.74,2.90,9.5,207.0,5900,17,9.4,37028,0.0,1.0,1.0,0.0
129,1,122.0,porsche,two,hatchback,rwd,front,98.4,175.7,72.3,0.8444816053511706,3366,dohcv,eight,203,mpfi,3.94,3.11,10.0,288.0,5750,17,8.392857142857142,,0.0,1.0,1.0,0.0
130,0,122.0,renault,four,wagon,fwd,front,96.1,181.5,66.5,0.9230769230769231,2579,ohc,four,132,mpfi,3.46,3.90,8.7,104.25615763546799,5125.369458128079,23,7.580645161290323,9295,0.0,1.0,1.0,0.0
131,2,122.0,renault,two,hatchback,fwd,front,96.1,176.8,66.6,0.8444816053511706,2460,ohc,four,132,mpfi,3.46,3.90,8.7,104.25615763546799,5125.369458128079,23,7.580645161290323,9895,0.0,1.0,1.0,0.0
132,3,150,saab,two,hatchback,fwd,front,99.1,186.6,66.5,0.9381270903010034,2658,ohc,four,121,mpfi,3.54,3.07,9.31,110.0,5250,21,8.392857142857142,11850,0.0,1.0,1.0,0.0
133,2,104,saab,four,sedan,fwd,front,99.1,186.6,66.5,0.9381270903010034,2695,ohc,four,121,mpfi,3.54,3.07,9.3,110.0,5250,21,8.392857142857142,12170,0.0,1.0,1.0,0.0
134,3,150,saab,two,hatchback,fwd,front,99.1,186.6,66.5,0.9381270903010034,2707,ohc,four,121,mpfi,2.54,2.07,9.3,110.0,5250,21,8.392857142857142,15040,0.0,1.0,1.0,0.0
135,2,104,saab,four,sedan,fwd,front,99.1,186.6,66.5,0.9381270903010034,2758,ohc,four,121,mpfi,3.54,3.07,9.3,110.0,5250,21,8.392857142857142,15510,0.0,1.0,1.0,0.0
136,3,150,saab,two,hatchback,fwd,front,99.1,186.6,66.5,0.9381270903010034,2808,dohc,four,121,mpfi,3.54,3.07,9.0,160.0,5500,19,9.038461538461538,18150,0.0,1.0,0.0,1.0
137,2,104,saab,four,sedan,fwd,front,99.1,186.6,66.5,0.9381270903010034,2847,dohc,four,121,mpfi,3.54,3.07,9.0,160.0,5500,19,9.038461538461538,18620,0.0,1.0,0.0,1.0
138,2,83,subaru,two,hatchback,fwd,front,93.7,156.9,63.4,0.8979933110367894,2050,ohcf,four,97,2bbl,3.62,2.36,9.0,69.0,4900,31,6.527777777777778,5118,0.0,1.0,1.0,0.0
139,2,83,subaru,two,hatchback,fwd,front,93.7,157.9,63.6,0.8979933110367894,2120,ohcf,four,108,2bbl,3.62,2.64,8.7,73.0,4400,26,7.580645161290323,7053,0.0,1.0,1.0,0.0
140,2,83,subaru,two,hatchback,4wd,front,93.3,157.3,63.8,0.931438127090301,2240,ohcf,four,108,2bbl,3.62,2.64,8.7,73.0,4400,26,7.580645161290323,7603,0.0,1.0,1.0,0.0
141,0,102,subaru,four,sedan,fwd,front,97.2,172.0,65.4,0.8779264214046824,2145,ohcf,four,108,2bbl,3.62,2.64,9.5,82.0,4800,32,6.351351351351352,7126,0.0,1.0,1.0,0.0
142,0,102,subaru,four,sedan,fwd,front,97.2,172.0,65.4,0.8779264214046824,2190,ohcf,four,108,2bbl,3.62,2.64,9.5,82.0,4400,28,7.121212121212121,7775,0.0,1.0,1.0,0.0
143,0,102,subaru,four,sedan,fwd,front,97.2,172.0,65.4,0.8779264214046824,2340,ohcf,four,108,mpfi,3.62,2.64,9.0,94.0,5200,26,7.34375,9960,0.0,1.0,1.0,0.0
144,0,102,subaru,four,sedan,4wd,front,97.0,172.0,65.4,0.9080267558528428,2385,ohcf,four,108,2bbl,3.62,2.64,9.0,82.0,4800,24,9.4,9233,0.0,1.0,1.0,0.0
145,0,102,subaru,four,sedan,4wd,front,97.0,172.0,65.4,0.9080267558528428,2510,ohcf,four,108,mpfi,3.62,2.64,7.7,111.0,4800,24,8.10344827586207,11259,0.0,1.0,0.0,1.0
146,0,89,subaru,four,wagon,fwd,front,97.0,173.5,65.4,0.8862876254180603,2290,ohcf,four,108,2bbl,3.62,2.64,9.0,82.0,4800,28,7.34375,7463,0.0,1.0,1.0,0.0
147,0,89,subaru,four,wagon,fwd,front,97.0,173.5,65.4,0.8862876254180603,2455,ohcf,four,108,mpfi,3.62,2.64,9.0,94.0,5200,25,7.580645161290323,10198,0.0,1.0,1.0,0.0
148,0,85,subaru,four,wagon,4wd,front,96.9,173.6,65.4,0.9180602006688964,2420,ohcf,four,108,2bbl,3.62,2.64,9.0,82.0,4800,23,8.10344827586207,8013,0.0,1.0,1.0,0.0
149,0,85,subaru,four,wagon,4wd,front,96.9,173.6,65.4,0.9180602006688964,2650,ohcf,four,108,mpfi,3.62,2.64,7.7,111.0,4800,23,10.217391304347826,11694,0.0,1.0,0.0,1.0
150,1,87,toyota,two,hatchback,fwd,front,95.7,158.7,63.6,0.911371237458194,1985,ohc,four,92,2bbl,3.05,3.03,9.0,62.0,4800,35,6.0256410256410255,5348,0.0,1.0,1.0,0.0
151,1,87,toyota,two,hatchback,fwd,front,95.7,158.7,63.6,0.911371237458194,2040,ohc,four,92,2bbl,3.05,3.03,9.0,62.0,4800,31,6.184210526315789,6338,0.0,1.0,1.0,0.0
152,1,74,toyota,four,hatchback,fwd,front,95.7,158.7,63.6,0.911371237458194,2015,ohc,four,92,2bbl,3.05,3.03,9.0,62.0,4800,31,6.184210526315789,6488,0.0,1.0,1.0,0.0
153,0,77,toyota,four,wagon,fwd,front,95.7,169.7,63.6,0.988294314381271,2280,ohc,four,92,2bbl,3.05,3.03,9.0,62.0,4800,31,6.351351351351352,6918,0.0,1.0,1.0,0.0
154,0,81,toyota,four,wagon,4wd,front,95.7,169.7,63.6,0.988294314381271,2290,ohc,four,92,2bbl,3.05,3.03,9.0,62.0,4800,27,7.34375,7898,0.0,1.0,1.0,0.0
155,0,91,toyota,four,wagon,4wd,front,95.7,169.7,63.6,0.988294314381271,3110,ohc,four,92,2bbl,3.05,3.03,9.0,62.0,4800,27,7.34375,8778,0.0,1.0,1.0,0.0
156,0,91,toyota,four,sedan,fwd,front,95.7,166.3,64.4,0.8862876254180603,2081,ohc,four,98,2bbl,3.19,3.03,9.0,70.0,4800,30,6.351351351351352,6938,0.0,1.0,1.0,0.0
157,0,91,toyota,four,hatchback,fwd,front,95.7,166.3,64.4,0.882943143812709,2109,ohc,four,98,2bbl,3.19,3.03,9.0,70.0,4800,30,6.351351351351352,7198,0.0,1.0,1.0,0.0
158,0,91,toyota,four,sedan,fwd,front,95.7,166.3,64.4,0.8862876254180603,2275,ohc,four,110,idi,3.27,3.35,22.5,56.0,4500,34,6.527777777777778,7898,1.0,0.0,1.0,0.0
159,0,91,toyota,four,hatchback,fwd,front,95.7,166.3,64.4,0.882943143812709,2275,ohc,four,110,idi,3.27,3.35,22.5,56.0,4500,38,5.0,7788,1.0,0.0,1.0,0.0
160,0,91,toyota,four,sedan,fwd,front,95.7,166.3,64.4,0.8862876254180603,2094,ohc,four,98,2bbl,3.19,3.03,9.0,70.0,4800,38,5.0,7738,0.0,1.0,1.0,0.0
161,0,91,toyota,four,hatchback,fwd,front,95.7,166.3,64.4,0.882943143812709,2122,ohc,four,98,2bbl,3.19,3.03,9.0,70.0,4800,28,6.911764705882353,8358,0.0,1.0,1.0,0.0
162,0,91,toyota,four,sedan,fwd,front,95.7,166.3,64.4,0.882943143812709,2140,ohc,four,98,2bbl,3.19,3.03,9.0,70.0,4800,28,6.911764705882353,9258,0.0,1.0,1.0,0.0
163,1,168,toyota,two,sedan,rwd,front,94.5,168.7,64.0,0.8795986622073579,2169,ohc,four,98,2bbl,3.19,3.03,9.0,70.0,4800,29,6.911764705882353,8058,0.0,1.0,1.0,0.0
164,1,168,toyota,two,hatchback,rwd,front,94.5,168.7,64.0,0.8795986622073579,2204,ohc,four,98,2bbl,3.19,3.03,9.0,70.0,4800,29,6.911764705882353,8238,0.0,1.0,1.0,0.0
165,1,168,toyota,two,sedan,rwd,front,94.5,168.7,64.0,0.8795986622073579,2265,dohc,four,98,mpfi,3.24,3.08,9.4,112.0,6600,26,8.10344827586207,9298,0.0,1.0,1.0,0.0
166,1,168,toyota,two,hatchback,rwd,front,94.5,168.7,64.0,0.8795986622073579,2300,dohc,four,98,mpfi,3.24,3.08,9.4,112.0,6600,26,8.10344827586207,9538,0.0,1.0,1.0,0.0
167,2,134,toyota,two,hardtop,rwd,front,98.4,176.2,65.6,0.8695652173913044,2540,ohc,four,146,mpfi,3.62,3.50,9.3,116.0,4800,24,7.833333333333333,8449,0.0,1.0,1.0,0.0
168,2,134,toyota,two,hardtop,rwd,front,98.4,176.2,65.6,0.8695652173913044,2536,ohc,four,146,mpfi,3.62,3.50,9.3,116.0,4800,24,7.833333333333333,9639,0.0,1.0,1.0,0.0
169,2,134,toyota,two,hatchback,rwd,front,98.4,176.2,65.6,0.8695652173913044,2551,ohc,four,146,mpfi,3.62,3.50,9.3,116.0,4800,24,7.833333333333333,9989,0.0,1.0,1.0,0.0
170,2,134,toyota,two,hardtop,rwd,front,98.4,176.2,65.6,0.8695652173913044,2679,ohc,four,146,mpfi,3.62,3.50,9.3,116.0,4800,24,7.833333333333333,11199,0.0,1.0,1.0,0.0
171,2,134,toyota,two,hatchback,rwd,front,98.4,176.2,65.6,0.8695652173913044,2714,ohc,four,146,mpfi,3.62,3.50,9.3,116.0,4800,24,7.833333333333333,11549,0.0,1.0,1.0,0.0
172,2,134,toyota,two,convertible,rwd,front,98.4,176.2,65.6,0.8862876254180603,2975,ohc,four,146,mpfi,3.62,3.50,9.3,116.0,4800,24,7.833333333333333,17669,0.0,1.0,1.0,0.0
173,-1,65,toyota,four,sedan,fwd,front,102.4,175.6,66.5,0.9180602006688964,2326,ohc,four,122,mpfi,3.31,3.54,8.7,92.0,4200,29,6.911764705882353,8948,0.0,1.0,1.0,0.0
174,-1,65,toyota,four,sedan,fwd,front,102.4,175.6,66.5,0.9180602006688964,2480,ohc,four,110,idi,3.27,3.35,22.5,73.0,4500,30,7.121212121212121,10698,1.0,0.0,0.0,1.0
175,-1,65,toyota,four,hatchback,fwd,front,102.4,175.6,66.5,0.9013377926421405,2414,ohc,four,122,mpfi,3.31,3.54,8.7,92.0,4200,27,7.34375,9988,0.0,1.0,1.0,0.0
176,-1,65,toyota,four,sedan,fwd,front,102.4,175.6,66.5,0.9180602006688964,2414,ohc,four,122,mpfi,3.31,3.54,8.7,92.0,4200,27,7.34375,10898,0.0,1.0,1.0,0.0
177,-1,65,toyota,four,hatchback,fwd,front,102.4,175.6,66.5,0.9013377926421405,2458,ohc,four,122,mpfi,3.31,3.54,8.7,92.0,4200,27,7.34375,11248,0.0,1.0,1.0,0.0
178,3,197,toyota,two,hatchback,rwd,front,102.9,183.5,67.7,0.8695652173913044,2976,dohc,six,171,mpfi,3.27,3.35,9.3,161.0,5200,20,9.791666666666666,16558,0.0,1.0,1.0,0.0
179,3,197,toyota,two,hatchback,rwd,front,102.9,183.5,67.7,0.8695652173913044,3016,dohc,six,171,mpfi,3.27,3.35,9.3,161.0,5200,19,9.791666666666666,15998,0.0,1.0,1.0,0.0
180,-1,90,toyota,four,sedan,rwd,front,104.5,187.8,66.5,0.9046822742474917,3131,dohc,six,171,mpfi,3.27,3.35,9.2,156.0,5200,20,9.791666666666666,15690,0.0,1.0,1.0,0.0
181,-1,122.0,toyota,four,wagon,rwd,front,104.5,187.8,66.5,0.9046822742474917,3151,dohc,six,161,mpfi,3.27,3.35,9.2,156.0,5200,19,9.791666666666666,15750,0.0,1.0,1.0,0.0
182,2,122,volkswagen,two,sedan,fwd,front,97.3,171.7,65.5,0.931438127090301,2261,ohc,four,97,idi,3.01,3.40,23.0,52.0,4800,37,5.108695652173913,7775,1.0,0.0,1.0,0.0
183,2,122,volkswagen,two,sedan,fwd,front,97.3,171.7,65.5,0.931438127090301,2209,ohc,four,109,mpfi,3.19,3.40,9.0,85.0,5250,27,6.911764705882353,7975,0.0,1.0,1.0,0.0
184,2,94,volkswagen,four,sedan,fwd,front,97.3,171.7,65.5,0.931438127090301,2264,ohc,four,97,idi,3.01,3.40,23.0,52.0,4800,37,5.108695652173913,7995,1.0,0.0,1.0,0.0
185,2,94,volkswagen,four,sedan,fwd,front,97.3,171.7,65.5,0.931438127090301,2212,ohc,four,109,mpfi,3.19,3.40,9.0,85.0,5250,27,6.911764705882353,8195,0.0,1.0,1.0,0.0
186,2,94,volkswagen,four,sedan,fwd,front,97.3,171.7,65.5,0.931438127090301,2275,ohc,four,109,mpfi,3.19,3.40,9.0,85.0,5250,27,6.911764705882353,8495,0.0,1.0,1.0,0.0
187,2,94,volkswagen,four,sedan,fwd,front,97.3,171.7,65.5,0.931438127090301,2319,ohc,four,97,idi,3.01,3.40,23.0,68.0,4500,37,5.595238095238095,9495,1.0,0.0,0.0,1.0
188,2,94,volkswagen,four,sedan,fwd,front,97.3,171.7,65.5,0.931438127090301,2300,ohc,four,109,mpfi,3.19,3.40,10.0,100.0,5500,26,7.34375,9995,0.0,1.0,1.0,0.0
189,3,122.0,volkswagen,two,convertible,fwd,front,94.5,159.3,64.2,0.9297658862876255,2254,ohc,four,109,mpfi,3.19,3.40,8.5,90.0,5500,24,8.10344827586207,11595,0.0,1.0,1.0,0.0
190,3,256,volkswagen,two,hatchback,fwd,front,94.5,165.7,64.0,0.8595317725752508,2221,ohc,four,109,mpfi,3.19,3.40,8.5,90.0,5500,24,8.10344827586207,9980,0.0,1.0,1.0,0.0
191,0,122.0,volkswagen,four,sedan,fwd,front,100.4,180.2,66.9,0.9214046822742475,2661,ohc,five,136,mpfi,3.19,3.40,8.5,110.0,5500,19,9.791666666666666,13295,0.0,1.0,1.0,0.0
192,0,122.0,volkswagen,four,sedan,fwd,front,100.4,180.2,66.9,0.9214046822742475,2579,ohc,four,97,idi,3.01,3.40,23.0,68.0,4500,33,6.184210526315789,13845,1.0,0.0,0.0,1.0
193,0,122.0,volkswagen,four,wagon,fwd,front,100.4,183.1,66.9,0.9214046822742475,2563,ohc,four,109,mpfi,3.19,3.40,9.0,88.0,5500,25,7.580645161290323,12290,0.0,1.0,1.0,0.0
194,-2,103,volvo,four,sedan,rwd,front,104.3,188.8,67.2,0.939799331103679,2912,ohc,four,141,mpfi,3.78,3.15,9.5,114.0,5400,23,8.392857142857142,12940,0.0,1.0,1.0,0.0
195,-1,74,volvo,four,wagon,rwd,front,104.3,188.8,67.2,0.9615384615384616,3034,ohc,four,141,mpfi,3.78,3.15,9.5,114.0,5400,23,8.392857142857142,13415,0.0,1.0,1.0,0.0
196,-2,103,volvo,four,sedan,rwd,front,104.3,188.8,67.2,0.939799331103679,2935,ohc,four,141,mpfi,3.78,3.15,9.5,114.0,5400,24,8.392857142857142,15985,0.0,1.0,1.0,0.0
197,-1,74,volvo,four,wagon,rwd,front,104.3,188.8,67.2,0.9615384615384616,3042,ohc,four,141,mpfi,3.78,3.15,9.5,114.0,5400,24,8.392857142857142,16515,0.0,1.0,1.0,0.0
198,-2,103,volvo,four,sedan,rwd,front,104.3,188.8,67.2,0.939799331103679,3045,ohc,four,130,mpfi,3.62,3.15,7.5,162.0,5100,17,10.681818181818182,18420,0.0,1.0,0.0,1.0
199,-1,74,volvo,four,wagon,rwd,front,104.3,188.8,67.2,0.9615384615384616,3157,ohc,four,130,mpfi,3.62,3.15,7.5,162.0,5100,17,10.681818181818182,18950,0.0,1.0,0.0,1.0
200,-1,95,volvo,four,sedan,rwd,front,109.1,188.8,68.9,0.9280936454849499,2952,ohc,four,141,mpfi,3.78,3.15,9.5,114.0,5400,23,8.392857142857142,16845,0.0,1.0,1.0,0.0
201,-1,95,volvo,four,sedan,rwd,front,109.1,188.8,68.8,0.9280936454849499,3049,ohc,four,141,mpfi,3.78,3.15,8.7,160.0,5300,19,9.4,19045,0.0,1.0,0.0,1.0
202,-1,95,volvo,four,sedan,rwd,front,109.1,188.8,68.9,0.9280936454849499,3012,ohcv,six,173,mpfi,3.58,2.87,8.8,134.0,5500,18,10.217391304347826,21485,0.0,1.0,1.0,0.0
203,-1,95,volvo,four,sedan,rwd,front,109.1,188.8,68.9,0.9280936454849499,3217,ohc,six,145,idi,3.01,3.40,23.0,106.0,4800,26,8.703703703703704,22470,1.0,0.0,0.0,1.0
204,-1,95,volvo,four,sedan,rwd,front,109.1,188.8,68.9,0.9280936454849499,3062,ohc,four,141,mpfi,3.78,3.15,9.5,114.0,5400,19,9.4,22625,0.0,1.0,0.0,1.0
